transcript	homolog	mean_AD	mean_CT	logFC	padj	module_AD	module_CT
TRINITY_DN10573_c0_g1	sp|O18330|MRJP1_APIME	9.4290523079927	15.6198850524079	1.1454945821342	0.149358747824619	9	notGCN
TRINITY_DN1118_c2_g1	sp|O18330|MRJP1_APIME	930.037464193487	1419.8223882806	1.03494093324431	1.56680623283852e-11	14	1
TRINITY_DN12024_c0_g2	sp|O18330|MRJP1_APIME	9.39307110076071	4.69653555038036	-4.94861870852636	0.000373021567367538	notGCN	notGCN
TRINITY_DN14958_c0_g1	sp|O18330|MRJP1_APIME	289.084528079099	322.940630781059	0.300748621168384	0.326965132109016	1	44
TRINITY_DN22392_c0_g4	sp|O18330|MRJP1_APIME	-	-	-	-	notGCN	notGCN
TRINITY_DN4935_c0_g1	sp|O18330|MRJP1_APIME	536.145846291787	703.010221185349	0.693158838487077	0.0103704423435309	14	16
TRINITY_DN5279_c0_g1	sp|O18330|MRJP1_APIME	2190.39227500178	1408.75549725874	-1.79601464485935	1.26991341744017e-17	notGCN	16
