transcript	hit	evalue	qcover	transcript	logFC_AB_AD	padj_AB_AD	logFC_AC_AD	padj_AC_AD	logFC_AD_AD	padj_AD_AD	logFC_AB_CT	padj_AB_CT	logFC_AC_CT	padj_AC_CT	logFC_AD_CT	padj_AD_CT	AD	CT
TRINITY_DN10573_c0_g1	sp|O18330|MRJP1_APIME	6.57e-63	92	TRINITY_DN10573_c0_g1	-0.943721723528498	0.249687002755788	-0.335028160307012	0.832272255742189	-0.685276353481938	0.368937801583053	-0.547874086997641	1	-0.0948346906437171	1	-0.225147128615912	1	9	NA
TRINITY_DN1118_c2_g1	sp|O18330|MRJP1_APIME	5.98e-45	89	TRINITY_DN1118_c2_g1	0.0871281261070951	0.783613872143454	0.420189829265201	0.372914472799582	0.431021776077007	0.0386328034458611	-0.0980946670111445	0.859487912312126	-0.467589932232854	0.00260261218611575	-0.259228203589954	0.18499599803718	14	1
TRINITY_DN12024_c0_g2	sp|O18330|MRJP1_APIME	9.92e-22	92	TRINITY_DN12024_c0_g2	NA	NA	NA	NA	NA	NA	-0.435918697879438	1	-0.477830089388178	1	0.0520591145983248	1	NA	NA
TRINITY_DN14958_c0_g1	sp|O18330|MRJP1_APIME	2.57e-46	82	TRINITY_DN14958_c0_g1	-0.327253160554606	0.39158340217512	-0.4337317418166	0.229964887560977	-0.480269239051885	0.087037372526392	0.0186417363754656	0.98597739783191	-0.16647988761967	0.747834934442284	-0.0284623070088132	0.959888030849519	1	44
TRINITY_DN22392_c0_g4	sp|O18330|MRJP1_APIME	2.31e-60	91	TRINITY_DN22392_c0_g4	NA	NA	NA	NA	NA	NA	NA	NA	NA	NA	NA	NA	NA	NA
TRINITY_DN4935_c0_g1	sp|O18330|MRJP1_APIME	1.90e-64	91	TRINITY_DN4935_c0_g1	-0.342619592607589	0.365064666740348	0.288682327240981	0.732290861372606	0.00487724774734247	0.99467774994237	-0.78003993943546	0.00558861320949546	-0.687302761212424	0.00264074874056262	-0.339365218063304	0.246664502102772	14	16
TRINITY_DN5279_c0_g1	sp|O18330|MRJP1_APIME	3.84e-61	91	TRINITY_DN5279_c0_g1	-0.100241545742965	0.912282127090203	0.126549865369328	0.91325570894831	0.0720821605817838	0.907398293312095	-0.221718898937008	0.624415403400916	-0.328023063136042	0.076637070709037	-0.28473346737843	0.374944830532943	NA	16
