GO.ID	test
GO:0006893	0.00083
GO:0099022	0.00117
GO:0001510	0.00275
GO:0006904	0.00378
GO:0031060	0.00378
GO:0006412	0.00423
GO:0051301	0.00528
GO:0001822	0.00560
GO:0031935	0.00774
GO:0006396	0.01099
GO:0006354	0.01274
GO:0000466	0.01925
GO:0006289	0.03490
GO:0007034	0.03664
GO:0006457	0.03995
GO:0006606	0.04405
GO:0016197	0.04465
