GO.ID	Significant	test
GO:0072521	32	0.00063
GO:0006487	5	0.00118
GO:0072599	4	0.00200
GO:0044281	78	0.00242
GO:0046890	4	0.00504
GO:0006605	7	0.00552
GO:0034030	4	0.00612
GO:0034033	4	0.00612
GO:0045910	3	0.00715
GO:0006120	3	0.00715
GO:0006221	4	0.00733
GO:0042593	5	0.00759
GO:0042135	3	0.00926
