GO.ID	Significant	test
GO:0008543	3	0.00014
GO:0055002	4	0.00052
GO:0007525	4	0.00109
GO:0007522	2	0.00165
GO:0006672	2	0.00201
GO:0007272	2	0.00328
GO:0044773	2	0.00429
GO:0006644	4	0.00436
GO:0007338	2	0.00807
GO:0034285	2	0.00957
