GO.ID	test
GO:0006261	0.00088
GO:0007049	0.00090
GO:0034661	0.00093
GO:0031100	0.00210
GO:0097120	0.00210
GO:0006974	0.00536
GO:0006399	0.00605
GO:0034475	0.00674
GO:0034427	0.00674
GO:0071051	0.00674
GO:0034453	0.00993
GO:0071028	0.00993
GO:0051568	0.01367
GO:0000027	0.01367
GO:0009263	0.01367
GO:0031167	0.01367
GO:0006305	0.01367
GO:0000727	0.01367
GO:0061982	0.01990
GO:0031023	0.02239
GO:0044728	0.02262
GO:0006144	0.02778
GO:0000959	0.02778
GO:0007059	0.03754
GO:0032508	0.04112
