GO.ID	Significant	test
GO:0046916	6	0.00010
GO:0035148	5	0.00096
GO:0002791	5	0.00116
GO:0003014	4	0.00132
GO:0099131	4	0.00261
GO:0099132	4	0.00261
GO:0051452	3	0.00319
GO:0071577	3	0.00319
GO:0051048	3	0.00319
GO:0009311	4	0.00383
GO:0055072	4	0.00383
GO:0051646	4	0.00424
GO:0015672	13	0.00448
GO:0001666	6	0.00467
GO:0019991	5	0.00515
GO:0006855	4	0.00631
