GO.ID	Significant	test
GO:0006399	11	0.00016
GO:0006401	9	0.00087
GO:0030952	5	0.00133
GO:0017148	5	0.00133
GO:0008582	8	0.00418
GO:0000132	3	0.00647
GO:0000959	3	0.00647
GO:0045214	4	0.00829
