GO.ID	Significant	test
GO:0032365	3	0.00084
GO:0043161	11	0.00096
GO:1903052	5	0.00098
GO:0034440	4	0.00118
GO:0035010	4	0.00161
GO:0046883	3	0.00508
GO:0097502	3	0.00508
GO:0019915	4	0.00599
GO:0016197	6	0.00678
GO:0031532	3	0.00792
GO:0006643	5	0.00851
GO:0006644	7	0.00897
GO:0032102	3	0.00904
GO:0010921	3	0.00904
