GO.ID	Significant	test
GO:0045727	6	0.00013
GO:0034249	6	0.00021
GO:0044057	6	0.00086
GO:0008306	6	0.00091
GO:0006378	4	0.00137
GO:0008298	7	0.00187
GO:0046011	3	0.00192
GO:0042133	5	0.00194
GO:0001775	3	0.00251
GO:0005977	4	0.00268
GO:0009566	4	0.00311
GO:0045886	5	0.00455
GO:0007283	10	0.00463
GO:0007143	4	0.00598
GO:0048678	3	0.00712
GO:0006936	3	0.00979
GO:0061013	3	0.00979
