GO.ID	Significant	test
GO:0009612	9	0.00020
GO:0044550	8	0.00081
GO:0090407	25	0.00093
GO:0019318	9	0.00111
GO:1901568	6	0.00160
GO:0070328	6	0.00160
GO:0062013	5	0.00223
GO:0018208	6	0.00255
GO:1901264	6	0.00315
GO:0016126	5	0.00381
GO:0045924	5	0.00484
GO:0034599	6	0.00561
GO:0019233	6	0.00561
GO:0044057	9	0.00654
GO:0006839	8	0.00668
GO:0045834	4	0.00705
GO:0000038	4	0.00705
GO:0030148	5	0.00747
GO:0007619	9	0.00852
