GO.ID	Significant	test
GO:0007059	12	0.00066
GO:0006919	4	0.00069
GO:0140053	7	0.00070
GO:0034587	3	0.00237
GO:0007100	3	0.00319
GO:0006298	3	0.00417
GO:0022412	32	0.00440
GO:1902850	7	0.00461
GO:0042321	3	0.00531
GO:0010529	3	0.00531
GO:0006399	10	0.00600
GO:0018107	3	0.00810
