GO.ID	test
GO:0006937	0.00074
GO:0044247	0.00177
GO:0009251	0.00177
GO:0040034	0.00177
GO:0043562	0.00349
GO:0000122	0.00396
GO:0042133	0.00453
GO:0006417	0.00669
GO:0046112	0.00834
GO:0007632	0.00844
GO:0005978	0.01163
GO:0007419	0.01526
GO:0009968	0.01591
GO:0048190	0.01931
GO:0002098	0.01931
GO:0065004	0.02223
GO:0000077	0.02375
GO:0060047	0.02375
GO:0051321	0.02761
GO:0035601	0.02822
GO:0007304	0.02856
GO:0060255	0.02965
GO:0008652	0.03336
GO:0007602	0.03923
