GO.ID	Significant	test
GO:0006886	48	0.00033
GO:0009062	10	0.00036
GO:0006458	8	0.00038
GO:0007030	17	0.00061
GO:0022616	8	0.00094
GO:0034470	41	0.00117
GO:0072657	20	0.00156
GO:0016226	6	0.00240
GO:0006281	35	0.00269
GO:0045005	5	0.00371
GO:0006379	6	0.00378
GO:0051445	6	0.00378
GO:0044743	6	0.00378
GO:0032456	9	0.00413
GO:0032008	8	0.00528
GO:0090068	9	0.00537
GO:0045292	5	0.00613
GO:0072593	8	0.00903
GO:0009081	5	0.00948
GO:0032386	12	0.00989
