GO.ID	test
GO:0006796	0.00067
GO:0043666	0.00267
GO:0018345	0.00396
GO:0007006	0.00548
GO:0006313	0.00940
GO:0007031	0.01138
GO:0006839	0.01445
GO:0033108	0.02203
GO:0072655	0.02514
GO:0006605	0.03041
GO:0032543	0.03187
GO:0007286	0.04312
GO:0048016	0.04927
GO:1902476	0.04927
GO:0035001	0.04927
GO:0070525	0.04927
GO:0018231	0.04927
GO:0043461	0.04927
GO:0001682	0.04927
GO:0006122	0.04927
GO:0070681	0.04927
GO:0017062	0.04927
GO:0008637	0.04927
