GO.ID	test
GO:0006397	0.00018
GO:0045893	0.00071
GO:0006468	0.00129
GO:0010467	0.00191
GO:0061647	0.00410
GO:0007062	0.00514
GO:0034968	0.00697
GO:0008592	0.00800
GO:0034502	0.00800
GO:0016973	0.00800
GO:0080009	0.01300
GO:0007097	0.01300
GO:0006325	0.02168
GO:0031935	0.02598
GO:0000462	0.04239
GO:0006284	0.04239
