GO.ID	Significant	test
GO:0016491	4	0.00016
GO:0050662	2	0.00513
GO:0016638	1	0.00784
