GO.ID	Significant	test
GO:1901607	2	0.00022
GO:0008652	2	0.00028
GO:0042737	2	0.00028
GO:1901606	2	0.00030
GO:0009063	2	0.00037
GO:0019752	3	0.00098
