GO.ID	Significant	test
GO:0055114	5	0.00021
GO:0016054	3	0.00022
GO:0046395	3	0.00022
GO:0044282	3	0.00062
