GO.ID	Significant	test
GO:0009072	2	0.00056
GO:0042441	2	0.00197
GO:0043324	2	0.00197
GO:0043474	2	0.00197
GO:0042737	2	0.00279
GO:1901606	2	0.00336
GO:0048069	2	0.00355
GO:0009063	2	0.00440
GO:0050877	4	0.00973
