GO.ID	Significant	test
GO:0006520	4	0.00018
GO:0019752	5	0.00033
GO:0006082	5	0.00039
GO:0043436	5	0.00039
