GO.ID	Significant	test
GO:0042737	3	0.00011
GO:1901606	3	0.00014
GO:0009063	3	0.00022
GO:0006520	4	0.00058
GO:0003008	6	0.00101
GO:0016054	3	0.00102
GO:0046395	3	0.00102
GO:0019752	5	0.00143
