GO.ID	Significant	test
GO:0007620	3	0.00012
GO:0051606	5	0.00021
GO:0009581	4	0.00027
GO:0009582	4	0.00027
GO:0019233	3	0.00042
GO:0050906	4	0.00045
