GO.ID	Significant	test
GO:0048037	17	0.00010
GO:0046914	23	0.00012
GO:0008238	8	0.00014
