GO.ID	Significant	test
GO:0044283	5	0.00034
GO:0006633	3	0.00039
GO:0072330	3	0.00176
GO:0019752	5	0.00200
GO:0006631	3	0.00235
GO:0006082	5	0.00236
GO:0043436	5	0.00236
GO:1901607	2	0.00394
