GO.ID	Significant	test
GO:0102337	2	0.00094
GO:0102338	2	0.00094
GO:0009922	2	0.00115
GO:0016790	2	0.00115
GO:0102336	2	0.00115
GO:0102756	2	0.00115
