GO.ID	Significant	test
GO:0016831	2	0.00067
GO:0016830	2	0.00176
GO:0016491	5	0.00280
GO:0050662	3	0.00372
GO:0048037	4	0.00512
GO:0003824	12	0.00547
