GO.ID	Significant	test
GO:0072330	7	0.00031
GO:0006629	16	0.00042
GO:0008610	10	0.00062
GO:0006631	7	0.00068
GO:0044281	22	0.00084
GO:0042133	4	0.00182
