GO.ID	Significant	test
GO:1901607	2	0.00022
GO:0008652	2	0.00028
GO:0019752	3	0.00098
GO:0006082	3	0.00110
GO:0043436	3	0.00110
GO:1901605	2	0.00150
GO:0055114	3	0.00161
GO:0016053	2	0.00318
GO:0046394	2	0.00318
