GO.ID	Significant	test
GO:0004180	3	0.00013
GO:0008238	4	0.00018
GO:0008235	3	0.00046
GO:0003824	20	0.00059
GO:0102337	2	0.00060
GO:0102338	2	0.00060
GO:0008237	4	0.00071
GO:0009922	2	0.00073
