GO.ID	Significant	test
GO:0004497	5	0.00061
GO:0005506	5	0.00063
GO:0046906	5	0.00086
GO:0016705	5	0.00114
GO:0005262	3	0.00123
GO:0080019	2	0.00234
GO:0015085	3	0.00240
GO:0005227	2	0.00276
GO:0020037	4	0.00314
