GO.ID	Significant	test
GO:0016321	2	0.00053
GO:0034728	6	0.00327
GO:0007526	2	0.00428
