GO.ID	test
GO:0061951	0.00047
GO:0010256	0.00541
GO:0016482	0.01185
GO:0043461	0.01714
GO:2000641	0.01714
GO:0072344	0.01714
GO:0061512	0.01714
GO:0045478	0.02279
GO:1905475	0.02279
GO:0034394	0.02279
GO:0019985	0.02279
GO:0042073	0.04507
