GO.ID	test
GO:0006278	0.00057
GO:0036092	0.00377
GO:0043489	0.00502
GO:0006123	0.00627
GO:0097035	0.00877
GO:0046856	0.00877
GO:0007009	0.01251
GO:0006281	0.01367
