GO.ID	Significant	test
GO:0006030	3	0.00038
GO:0031057	2	0.00127
GO:0006023	2	0.00174
GO:0042073	2	0.00201
