GO.ID	Significant	test
GO:0070588	4	0.00023
GO:0050982	2	0.00312
GO:0001895	2	0.00450
GO:0051480	2	0.00795
GO:0000041	2	0.01149
GO:0007601	2	0.01149
GO:0050953	2	0.01473
GO:0090502	2	0.02871
GO:0008306	2	0.02985
GO:0008033	2	0.03338
GO:0007612	2	0.04223
GO:0007605	2	0.04902
