GO.ID	Significant	test
GO:0000469	2	0.00081
GO:0090502	2	0.00551
GO:0008306	2	0.00574
GO:0007616	2	0.00858
