GO.ID	Significant	test
GO:0003012	5	0.00015
GO:0035296	4	0.00019
GO:0007390	4	0.00034
GO:0010906	3	0.00113
GO:0007525	7	0.00116
GO:0002224	3	0.00152
GO:0035206	4	0.00200
GO:0007155	11	0.00277
GO:0035149	3	0.00320
GO:0048139	3	0.00320
GO:0014902	5	0.00323
GO:0051017	4	0.00351
GO:0007015	10	0.00355
GO:0007498	5	0.00507
GO:0042060	5	0.00875
