GO.ID	Significant	test
GO:0009081	4	0.00033
GO:0010975	11	0.00086
GO:0009156	8	0.00102
GO:0055002	7	0.00223
GO:0035025	3	0.00276
GO:0046460	3	0.00276
GO:0008345	5	0.00281
GO:0031532	4	0.00319
GO:0045010	4	0.00451
GO:0030322	3	0.00484
GO:0006793	47	0.00677
GO:0014065	3	0.00766
GO:0046112	3	0.00766
GO:0045448	4	0.00927
GO:0043401	4	0.00927
GO:0071901	3	0.00937
