GO.ID	Significant	test
GO:0006030	3	0.00038
GO:0042073	2	0.00201
GO:1905268	2	0.00433
GO:0003333	2	0.01075
GO:0031056	2	0.01196
GO:0071396	2	0.01259
GO:0006418	2	0.01389
GO:0043039	2	0.01525
GO:0043038	2	0.01595
GO:0045017	2	0.01595
GO:0006865	2	0.01738
GO:0006414	2	0.01812
GO:0071407	2	0.02202
GO:1905039	2	0.02366
GO:1903825	2	0.02366
GO:0009314	3	0.02662
GO:0008283	4	0.03335
GO:0033993	2	0.03357
GO:0034645	12	0.04354
GO:0008610	3	0.04618
GO:0009059	12	0.04862
