GO.ID	test
GO:0022900	0.00047
GO:0035096	0.00215
GO:0016239	0.00287
GO:0006119	0.02138
GO:0007033	0.02561
GO:0006796	0.04298
