GO.ID	Significant	test
GO:0140014	12	0.00025
GO:0033554	34	0.00058
GO:0032543	6	0.00086
GO:0034622	22	0.00086
GO:0034660	26	0.00091
GO:0035194	6	0.00129
GO:0072666	4	0.00175
GO:0006396	40	0.00185
GO:0007034	6	0.00212
GO:0006302	7	0.00294
GO:0006260	11	0.00309
GO:0009411	4	0.00381
GO:0000956	6	0.00489
GO:0010669	4	0.00529
GO:0097352	4	0.00615
GO:0006360	3	0.00615
GO:0045451	5	0.00658
GO:0032509	4	0.00709
GO:0032508	6	0.00897
GO:0031099	4	0.00928
