GO.ID	test
GO:0032366	0.00058
GO:0030301	0.00092
GO:0007608	0.01341
GO:0007482	0.01394
GO:1902476	0.01394
GO:0035011	0.01855
GO:0006688	0.01855
GO:0071709	0.02313
GO:0120009	0.02313
GO:0001525	0.02313
GO:0035176	0.02769
GO:0019236	0.03224
GO:0007469	0.03224
GO:0042632	0.03224
GO:0034312	0.03224
GO:0006937	0.03676
GO:0042135	0.04126
GO:0051180	0.04126
GO:0045455	0.04575
GO:0042048	0.04575
GO:0007009	0.04575
