GO.ID	test
GO:0000723	0.00078
GO:0006260	0.01115
GO:0006270	0.01960
GO:0007127	0.01960
GO:0000082	0.01960
GO:0044843	0.02136
GO:0072089	0.02313
GO:0008284	0.03014
GO:1903827	0.03189
GO:0061982	0.03885
GO:0043473	0.04059
GO:0071897	0.04396
GO:0140013	0.04749
GO:0000122	0.04749
