GO.ID	Significant	test
GO:0098656	2	0.00076
GO:0015711	2	0.00101
GO:0035076	1	0.00466
GO:0034219	1	0.00593
