GO.ID	Significant	test
GO:0044773	2	0.00010
GO:1901991	2	0.00049
GO:0072331	1	0.00986
GO:0010332	1	0.00986
GO:1900182	1	0.00986
