GO.ID	Significant	test
GO:0031497	6	0.00055
GO:0034728	6	0.00327
GO:0065004	6	0.00398
GO:0051321	5	0.00415
GO:0007526	2	0.00428
GO:0007143	2	0.00524
GO:0045132	2	0.00780
GO:0140013	4	0.01420
GO:0007140	2	0.01588
GO:0006352	2	0.01814
GO:1901575	6	0.02101
GO:0048232	3	0.03076
GO:1903046	4	0.03245
GO:0044262	2	0.03813
GO:0006511	3	0.04029
GO:1901565	4	0.04446
GO:0019941	3	0.04458
GO:0009056	6	0.04567
GO:0043900	2	0.04720
GO:0043632	3	0.04858
