GO.ID	test
GO:0071702	0.00051
GO:0055085	0.00061
GO:0071407	0.00592
GO:0035075	0.00645
GO:0071396	0.00753
GO:0030522	0.01021
GO:0009755	0.01074
GO:0006811	0.01250
GO:0008643	0.01875
GO:0002164	0.02247
GO:0032870	0.02459
GO:1901701	0.02882
GO:0071495	0.04355
