GO.ID	Significant	test
GO:0042220	2	0.00024
GO:0071479	2	0.00028
GO:0007562	2	0.00043
GO:0031349	2	0.00197
GO:0048512	3	0.00427
