GO.ID	test
GO:0006278	0.00013
GO:0061647	0.00591
GO:0061355	0.00788
GO:0050714	0.00984
GO:1905269	0.01180
GO:0031935	0.01375
GO:0006891	0.01375
GO:0070828	0.01375
GO:0030177	0.01765
GO:0051054	0.02540
GO:0034968	0.04074
