GO.ID	Significant	test
GO:0098656	2	0.00076
GO:0015711	2	0.00101
GO:0071390	1	0.00677
GO:0030518	1	0.00677
GO:0008643	1	0.01603
GO:1902600	1	0.01813
GO:0034220	3	0.03390
GO:0006811	3	0.04279
