GO.ID	Significant	test
GO:0036011	3	0.00021
GO:0016574	2	0.00127
GO:0031058	2	0.00273
GO:0014019	2	0.00386
GO:0007406	2	0.00471
GO:0048867	2	0.00613
