GO.ID	Significant	test
GO:0009112	5	0.00044
GO:0019318	6	0.00056
GO:0008610	11	0.00248
GO:0008652	5	0.00275
GO:1901605	9	0.00296
GO:1901136	5	0.00387
GO:0008063	4	0.00394
GO:0043094	3	0.00430
GO:0019359	4	0.00503
GO:1901565	13	0.00532
GO:0009620	4	0.00632
GO:0009072	3	0.00734
GO:0019991	4	0.00863
GO:0044262	7	0.00896
GO:0006665	4	0.00951
GO:0030203	3	0.00992
