GO.ID	test
GO:0070588	0.00046
GO:0001895	0.00177
GO:0051480	0.00461
GO:0007601	0.00649
GO:0000041	0.00718
GO:0007605	0.00790
GO:0090502	0.02350
GO:0007610	0.03342
GO:0042391	0.03522
GO:0008033	0.03664
