GO.ID	Significant	test
GO:0071456	3	0.00080
GO:0050804	5	0.00089
GO:0030178	3	0.00155
GO:0051124	5	0.00160
GO:0007613	4	0.00350
GO:0071805	3	0.00595
GO:0060828	3	0.00626
GO:0007274	3	0.00689
