GO.ID	Significant	test
GO:0070588	4	0.00023
GO:0050982	2	0.00312
GO:0001895	2	0.00450
GO:0051480	2	0.00795
