GO.ID	test
GO:0007379	0.00012
GO:0035290	0.00162
GO:0090254	0.00319
GO:0060969	0.00319
GO:0030335	0.00470
GO:0043547	0.00470
GO:0042078	0.00524
GO:0008354	0.00774
GO:1901606	0.01061
GO:0030322	0.01067
GO:0006188	0.01067
GO:0007030	0.01240
GO:0010004	0.01401
GO:0016310	0.02020
GO:0006144	0.02183
GO:0035222	0.02183
GO:0044550	0.02183
GO:0006672	0.02628
GO:0007218	0.02713
GO:0008045	0.03105
GO:0009067	0.03105
GO:0033674	0.03538
GO:0000184	0.03614
GO:0009072	0.03614
GO:0001934	0.04082
