GO.ID	test
GO:0006259	0.00015
GO:0140013	0.00229
GO:0048753	0.00806
GO:0090169	0.00806
GO:0060236	0.01073
GO:0000022	0.01073
GO:0006415	0.01340
GO:0000212	0.01340
GO:0090307	0.01606
GO:0031935	0.01871
GO:0007018	0.01986
GO:0001578	0.03449
GO:0007098	0.03449
GO:0033047	0.04228
