GO.ID	Significant	test
GO:0006820	10	0.00069
GO:0055085	19	0.00095
GO:0043112	3	0.00182
GO:0006633	4	0.00966
GO:0006869	5	0.01037
GO:0010876	6	0.01373
GO:0048878	8	0.02021
GO:0051336	8	0.02130
GO:0015711	6	0.02274
GO:0043087	5	0.02339
GO:0018107	2	0.02553
GO:0035637	2	0.02886
GO:0042044	2	0.02886
GO:0071702	17	0.03044
GO:0070972	2	0.03601
GO:0018210	2	0.03981
GO:0015698	3	0.04404
GO:0055072	2	0.04785
GO:0042592	11	0.04860
GO:0006839	3	0.04886
